department,total_revenue,total_profit,avg_margin,avg_payroll_ratio
IT,125000.0,33000.0,0.2634615384615384,0.4083333333333333
Marketing,170000.0,57000.0,0.33402777777777776,0.24166666666666664
Sales,395000.0,175000.0,0.44188712522045853,0.24091710758377424
